idelem,descripcion,accesoAsociado,intensidad,ocupacion,carga,nivelServicio,intensidadSat,error,subarea,st_x,st_y,velocidad,st_x_num,st_y_num,lon,lat,edge_id,edge_dist_m
4284,PL. ESPANA N-S(SAN LEONARDO-CUESTA SAN VICENTE),160302,108,2,7,0,2000,N,110003,"439635,038464069","4475072,49601604",,439635.038464069,4475072.49601604,-3.71160227750109,40.424095632483805,428829834#1,34.83659384696613
4285,CUESTA SAN VICENTE O-E(GRAN VIA-FERRAZ),0,180,3,24,0,850,N,110003,"439636,390335292","4474962,83748095",,439636.390335292,4474962.83748095,-3.7115759323844273,40.42310787766018,542325013,29.24709338198631
4286,PL. ESPANA S-N(REYES-SAN LEONARDO),160301,900,6,32,1,3200,N,110003,"439670,54596838","4475031,4390451",,439670.54596838,4475031.4390451,-3.711179838376455,40.423728348425705,4334161,44.19083840420648
4353,(AFOROS) PRINCESA S-N (SAN LEONARDO-VENTURA RODRIGUEZ),170901,840,4,31,1,3000,N,110009,"439563,578651391","4475222,1593085",,439563.578651391,4475222.1593085,-3.712458833470782,40.4254386778172,71270645#0,0.7694102661919058
10874,FERRAZ N-S (IRUN -CUESTA  SAN VICENTE)(GIRO),0,360,3,13,0,3400,N,110003,"439438,619671799","4474899,25593077",,439438.619671799,4474899.25593077,-3.713901058000363,40.42252073537554,43410331,1.2406558449583005
4313,PL.ESPANA O-E(BAILEN-GRAN VIA),160403,360,4,15,0,3200,N,110003,"439520,044142072","4474867,08030584",,439520.044142072,4474867.08030584,-3.7129382319974806,40.42223680556548,1008751309,41.066033934248686
4316,FERRAZ N-S(IRUN- CUESTA SAN VICENTE)(FRENTE),0,324,5,23,0,1700,N,110003,"439442,624243271","4474902,43678908",,439442.624243271,4474902.43678908,-3.713854158269696,40.4225496814187,43410331,3.8705989313792024
10885,(TACTICA) PL.ESPANA E-O( GRAN VIA -FERRAZ),161804,252,92,94,3,850,N,110003,"439508,416499277","4474872,15857751",,439508.416499277,4474872.15857751,-3.713075771755985,40.422281707637104,1008751309,37.719811594698406
10875,FERRAZ N-S (P.M 16045+16041 ),173402,756,3,18,0,5100,N,110009,"439452,725258098","4474886,00420359",,439452.725258098,4474886.00420359,-3.713733531017607,40.422402384509176,43410331,0.9173336678984468
4338,PRINCESA S-N(PL. MONCLOA-Po MORET),170101,720,7,27,1,3400,N,110009,"439034,416488366","4476201,82526628",,439034.416488366,4476201.82526628,-3.718790391004667,40.43422531367063,131447320#0,36.585715379609134
4339,PRINCESA N-S(GIRO IZQDA. FERNANDO EL CATOLICO),171703,40,48,50,1,1000,N,110009,"439036,097190302","4476184,37596753",,439036.097190302,4476184.37596753,-3.718768903005711,40.43406824634896,131447320#0,22.02875067865295
4340,Po MORET  O-E(MARTIN DE LOS HEROS-PRINCESA),170103,200,1,9,0,2500,N,110009,"438860,366720657","4476220,97399566",,438860.366720657,4476220.97399566,-3.720844143677809,40.43438503702111,-77603044,49.89335971394129
4341,PRINCESA S-N(MELENDEZ VALDES-PL. MONCLOA),172211,715,9,27,1,3600,S,110009,"439100,55239806","4476080,5602768",,439100.55239806,4476080.5602768,-3.717999080221774,40.43313775331029,43405569,17.12624123902711
3745,PRINCESA S-N(BENITO GUTIERREZ-MELENDEZ VALDES),170201,600,5,32,1,2150,N,110009,"439139,41859701","4476005,31486159",,439139.41859701,4476005.31486159,-3.717533680049325,40.43246275590391,414212315#0,21.4774261917329
3746,BENITO GUTIERREZ O-E(TUTOR-PRINCESA),0,40,1,5,0,900,N,110009,"439056,202522633","4475944,21885794",,439056.202522633,4475944.21885794,-3.7185088490896656,40.431906284439066,5990070#3,13.655705968592677
4343,PRINCESA N-S(ALTAMIRANO-MARQUES DE URQUIJO),170502,480,2,17,0,3000,N,110009,"439213,27905088","4475853,07363982",,439213.27905088,4475853.07363982,-3.716648385569074,40.4310967037834,285654896#0,43.64719630640088
10646,VENTURA RODRIGUEZ E-O(MARTIN HEROS -J.ALVAREZ MENDIZABAL),173504,280,3,20,0,1600,N,110009,"439421,585627118","4475157,02720971",,439421.585627118,4475157.02720971,-3.7141263991229367,40.42484161250461,77339507,20.790170444930574
4345,MARQUES DE URQUIJO O-E(MARTIN DE LOS HEROS-TUTOR),170503,120,1,5,0,2600,N,110009,"439166,450267956","4475763,02163158",,439166.450267956,4475763.02163158,-3.7171918167458977,40.43028205371556,7604160#2,21.328769738584523
4346,PRINCESA S-N(ALBERTO AGUILERA-RRODRIGUEZ SAN PEDRO),0,640,5,28,1,2600,N,110009,"439229,153112277","4475839,11987853",,439229.153112277,4475839.11987853,-3.716459917256553,40.43097216228,285654888,37.54112389576817
4347,MARQUES DE URQUIJO E-O(PRINCESA-TUTOR),0,160,1,8,0,2200,N,110009,"439193,676416239","4475785,14917955",,439193.676416239,4475785.14917955,-3.716872976997848,40.43048337872001,285654888,49.6048896036971
4348,"PRINCESA, 41 N-S(BUEN SUCESO-QUINTANA)",170602,160,2,8,0,2400,N,110009,"439297,368567926","4475689,15820841",,439297.368567926,4475689.15820841,-3.7156414276797154,40.42962622449469,423876764#3,11.11397328838439
4349,PRINCESA S-N(SEMINARIO DE NOBLES-SERRANO JOVER),170601,200,1,10,0,2100,N,110009,"439398,273295113","4475524,09204406",,439398.273295113,4475524.09204406,-3.714436183709779,40.42814659451505,43407379#3,42.79171659180823
4350,PRINCESA S-N(SERRANO JOVER-ALBERTO AGUILERA),170501,280,2,16,0,2000,N,110009,"439332,710006187","4475647,02098943",,439332.710006187,4475647.02098943,-3.715220786304777,40.429249212580615,43407380#1,46.103575223425075
4351,"PRINCESA, 39 N-S(QUINTANA-REY FRANCISCO)",170902,480,5,20,0,3000,N,110009,"439366,34389664","4475569,10644652",,439366.34389664,4475569.10644652,-3.7148168662789134,40.428549777063175,43407379#1,35.93833790169438
4352,EVARISTO SAN MIGUEL O-E(TUTOR-PRINCESA),170704,40,0,4,0,1000,N,110009,"439363,416460796","4475417,79030305",,439363.416460796,4475417.79030305,-3.714836942990801,40.42718644247404,7593889#3,5.954444083730897
4354,(AFOROS) PRINCESA N-S(VENTURA RODRIGUEZ-PL.ESPANA),0,432,15,34,1,1900,N,110003,"439525,685685714","4475273,35658186",,439525.685685714,4475273.35658186,-3.7129103740827945,40.42589713184621,305412101#1,43.8986495624404
10645,VENTURA RODRIGUEZ E-O(J.ALVAREZ MENDIZABAL-FERRAZ),173404,680,7,47,1,1600,N,110009,"439387,760049557","4475081,42521029",,439387.760049557,4475081.42521029,-3.714517914449448,40.42415809299205,431525592#2,18.080059804156942
4355,VENTURA RODRIGUEZ E-O(PRINCESA-TUTOR),173604,440,4,23,0,2200,N,110009,"439484,30307355","4475293,74895764",,439484.30307355,4475293.74895764,-3.7134001242277774,40.4260778261966,1117831240#0,46.02320068323323
4358,"ROMERO ROBLEDO, 21 E-O(MENDIZABAL-FERRAZ)",171104,0,0,0,0,1800,N,110009,"438815,522347756","4475913,91371498",,438815.522347756,4475913.91371498,-3.721343265097785,40.4316156139763,1339188789#1,0.9248328244639928
4359,"FERRAZ, 95  S-N(BENITO GUTIERREZ-ROMERO ROBLEDO)",171101,240,1,9,0,3200,N,110009,"438766,501000706","4475834,32274833",,438766.501000706,4475834.32274833,-3.721913498421391,40.43089501835096,5990070#1,42.012633657815755
4360,PINTOR ROSALES N-S(BENITO GUTIERREZ-ALTAMIRANO),171202,73,2,5,0,2200,N,110009,"438699,344272618","4475728,1013645",,438699.344272618,4475728.1013645,-3.722694940528904,40.42993318586434,44508928#0,0.6236010839271359
4361,MARQUES DE URQUIJO E-O(PINTOR ROSALES-FERRAZ),171303,120,1,4,0,3000,N,110009,"438822,587745987","4475623,06545859",,438822.587745987,4475623.06545859,-3.721231980745765,40.428996051664704,44508929#1,39.39159731375657
3565,FERRAZ S-N(BUEN SUCESO-MARQUES DE URQUIJO),171301,320,2,12,0,3000,N,110009,"438976,041650741","4475546,75244273",,438976.041650741,4475546.75244273,-3.719415693780924,40.428319863031625,858885642#0,30.7074469873694
4363,MARQUES DE URQUIJO E-O(FERRAZ-PINTOR ROSALES),171204,400,2,15,0,3000,N,110009,"438862,858874564","4475649,94757755",,438862.858874564,4475649.94757755,-3.720759837861965,40.42924117770103,423876763,37.56881026768016
4364,PINTOR ROSALES N-S(BUEN SUCESO-QUINTANA),171402,320,3,15,0,2600,N,110009,"438929,035200166","4475412,08748912",,438929.035200166,4475412.08748912,-3.719956878304308,40.42710329472283,44508929#4,38.07924161518135
4365,QUINTANA E-O(MARTIN DE LOS HEROS-MENDIZABAL),0,80,0,7,0,1100,N,110009,"439177,018334491","4475512,48265357",,439177.018334491,4475512.48265357,-3.717043263181335,40.42802586472804,431525591#0,22.706506740113902
4366,QUINTANA E-O(FERRAZ-PINTOR ROSALES),171404,120,2,15,0,900,N,110009,"439035,428427493","4475433,36211837",,439035.428427493,4475433.36211837,-3.718704757518203,40.427302749109,7604153#1,25.641560054592222
4367,LUISA FERNANDA E-O(MENDIZABAL-FERRAZ),171604,0,0,0,0,1200,N,110009,"439308,397572324","4475202,69976139",,439308.397572324,4475202.69976139,-3.7154649733485146,40.4252448016222,431525592#1,13.963930375214023
10647,JUAN ALVAREZ MENDIZABAL S-N(PL.ESPANA -V.RODRIGUEZ),0,120,4,16,0,1000,N,110009,"439425,444695869","4475056,70626546",,439425.444695869,4475056.70626546,-3.714071352779595,40.4239381583656,431525592#2,49.46355530011743
4370,MARTIN DE LOS HEROS S-N(BUEN SUCESO-MARQUES DE URQUIJO),0,0,0,0,0,1200,N,110009,"439110,382710748","4475660,36247063",,439110.382710748,4475660.36247063,-3.717842937625578,40.429353154311805,431525591#2,1.8855881491152893
4371,MARQUES DE URQUIJO E-O(MARTIN DE LOS HEROS-MENDIZAL),171304,120,0,4,0,3000,N,110009,"439044,983984283","4475723,78230481",,439044.983984283,4475723.78230481,-3.7186199634050494,40.42991967735639,431525591#2,24.22807853034402
4372,REY FRANCISCO E-O(FERRAZ-PINTOR ROSALES),0,40,1,4,0,1350,N,110009,"439119,151890756","4475330,99848489",,439119.151890756,4475330.99848489,-3.717708021825455,40.42638674490055,7604153#0,11.156162927156997
4376,PRINCESA N-S(PL. MONCLOA-ROMERO ROBLEDO),170202,200,1,7,0,3500,N,110009,"439079,551646845","4476099,43468025",,439079.551646845,4476099.43468025,-3.718248467924813,40.433306243892254,43405569,40.562093558602754
4377,"FERRAZ, 13 S-N(REY FRANCISCO-QUINTANA)",171501,360,3,17,0,2400,N,110009,"439124,123438562","4475343,02674271",,439124.123438562,4475343.02674271,-3.7176505696457376,40.426495464404006,7604153#0,6.047440622859269
10271,MARQUES DE URQUIJO E-O(GIRO A P.ROSALES),171205,0,0,0,0,1000,N,110009,"438861,444025172","4475644,69915705",,438861.444025172,4475644.69915705,-3.720776011820582,40.42919379374871,423876763,39.557855346934325
10338,QUINTANA O-E (JUAN ALVAREZ MENDIZABAL-FERRAZ),171504,120,1,4,0,3000,N,110009,"439101,341022365","4475470,31993509",,439101.341022365,4475470.31993509,-3.71793131915751,40.42764050849622,31769101#2,28.112624869093864
10884,FERRAZ N-S (IRUN -VENTURA RODRIGUEZ),0,240,1,6,0,4500,N,110009,"439306,274113412","4475074,47727995",,439306.274113412,4475074.47727995,-3.71547776448169,40.42408956271263,854461432,13.219518950366673
10883,FERRAZ S-N (VENTURA RODRIGUEZ -LUISA FERNANDA),173501,0,0,0,0,1500,N,110009,"439348,109940835","4475044,75668688",,439348.109940835,4475044.75668688,-3.7149817913861343,40.42382487739642,815856979#1,0.9281926944383913
10878,FERRAZ S-N(SALIDA TUNEL A 70MTS LINEA PARADA),171601,200,1,7,0,3400,N,110009,"439317,57940074","4475075,17433091",,439317.57940074,4475075.17433091,-3.715344570381843,40.42409666667763,854461432,13.801516226269282
7063,(MICRO) PRINCESA S-N(DELANTE G.2),0,520,11,57,2,1000,N,110009,"439353,227111295","4475609,70422266",,439353.227111295,4475609.70422266,-3.7149753631439495,40.428914543155386,43407380#1,16.490033788920424
7065,(MICRO) PRINCESA N-S(DELANTE G. 1 FRENTE G. 2),0,400,10,34,1,1500,N,110009,"439353,193404059","4475594,97010642",,439353.193404059,4475594.97010642,-3.7149743548422074,40.42878180943806,43407380#1,15.55218775811695
